{
	"formatVersion": 2,
	"appVersion": "0.61.14",
	"files": [
		{
			"noteId": "CnIraDZUQvbk",
			"notePath": [
				"CnIraDZUQvbk"
			],
			"isClone": false,
			"title": "Trilium Simple Single File Renderer",
			"notePosition": 441,
			"prefix": null,
			"isExpanded": true,
			"type": "text",
			"mime": "text/html",
			"format": "html",
			"dataFileName": "Trilium Simple Single File Ren.html",
			"dirFileName": "Trilium Simple Single File Renderer",
			"noImport": false,
			"attributes": [],
			"attachments": [],
			"children": [
				{
					"noteId": "lQeISx7khkSl",
					"notePath": [
						"CnIraDZUQvbk",
						"lQeISx7khkSl"
					],
					"isClone": false,
					"title": "simpleSingleFileRenderer",
					"notePosition": 20,
					"prefix": null,
					"isExpanded": true,
					"type": "render",
					"mime": "",
					"dataFileName": "simpleSingleFileRenderer.dat",
					"noImport": false,
					"attributes": [
						{
							"type": "relation",
							"name": "renderNote",
							"value": "Oma1bQcf1hE4",
							"isInheritable": false,
							"position": 10
						},
						{
							"type": "label",
							"name": "template",
							"value": "",
							"isInheritable": false,
							"position": 20
						}
					],
					"attachments": []
				},
				{
					"noteId": "Oma1bQcf1hE4",
					"notePath": [
						"CnIraDZUQvbk",
						"Oma1bQcf1hE4"
					],
					"isClone": false,
					"title": "simpleSingleFile.html",
					"notePosition": 10,
					"prefix": null,
					"isExpanded": false,
					"type": "code",
					"mime": "text/html",
					"dataFileName": "simpleSingleFile.html",
					"dirFileName": "1_simpleSingleFile.html",
					"noImport": false,
					"attributes": [
						{
							"type": "label",
							"name": "archived",
							"value": "",
							"isInheritable": false,
							"position": 10
						}
					],
					"attachments": [],
					"children": [
						{
							"noteId": "t01kmNrJwJz8",
							"notePath": [
								"CnIraDZUQvbk",
								"Oma1bQcf1hE4",
								"t01kmNrJwJz8"
							],
							"isClone": false,
							"title": "simpleSingleFile.js",
							"notePosition": 0,
							"prefix": null,
							"isExpanded": false,
							"type": "code",
							"mime": "application/javascript;env=frontend",
							"dataFileName": "simpleSingleFile.js",
							"noImport": false,
							"attributes": [
								{
									"type": "label",
									"name": "archived",
									"value": "",
									"isInheritable": false,
									"position": 10
								}
							],
							"attachments": []
						}
					]
				}
			]
		},
		{
			"noImport": true,
			"dataFileName": "navigation.html"
		},
		{
			"noImport": true,
			"dataFileName": "index.html"
		},
		{
			"noImport": true,
			"dataFileName": "style.css"
		}
	]
}